{"cameraMode":{"drawMode":0,"name":"Shaded","section":"Shading Mode"},"sceneLighting":true,"audioPlay":false,"sceneViewState":{"showFog":true,"showMaterialUpdate":false,"showSkybox":true,"showFlares":true,"showImageEffects":true,"showParticleSystems":true},"in2DMode":false,"pivot":{"x":-79.71519470214844,"y":6.195037841796875,"z":57.38442611694336},"rotation":{"x":0.2419971376657486,"y":-0.3441375494003296,"z":0.09223930537700653,"w":0.9027839303016663},"size":96.12580108642578,"orthographic":false}